original_team_name,orginal_team_code,final_team_name,final_team_code,year,coach_name,game,draw,rank,win,lost,wa,df,streak,ba,slg,obp,ops,r,hr,rall,ra,era,normal_r,normal_rall,power,rbi,playoff,champion,season_rank
OB,OB,두산,DS,1982,김영덕,80,0,1,56,24,0.7,0,,0.283,0.412,0.351,0.763,399,57,318,3.98,3.2,0.39,-0.582,0.486,,1,1,1
삼성,SS,삼성,SS,1982,서영무,80,0,2,54,26,0.675,2,,0.266,0.392,0.349,0.741,434,57,257,3.21,2.7,1.115,-1.152,1.134,,1,2,2
MBC,MB,LG,LG,1982,백인천,80,0,3,46,34,0.575,10,,0.282,0.41,0.357,0.767,419,65,359,4.49,3.51,0.805,-0.198,0.501,,0,0,3
해태,HT,KIA,KA,1982,"김동엽, 조창수",80,0,4,38,42,0.475,18,,0.261,0.408,0.33,0.738,374,84,388,4.85,3.79,-0.128,0.073,-0.101,,0,0,4
롯데,LT,롯데,LT,1982,박영길,80,0,5,31,49,0.388,25,,0.256,0.373,0.347,0.72,353,59,385,4.81,3.95,-0.563,0.045,-0.304,,0,0,5
삼미,SM,현대,HD,1982,박현식,80,0,6,15,65,0.188,41,,0.24,0.345,0.306,0.651,302,40,574,7.18,6.23,-1.62,1.813,-1.716,,0,0,6
해태,HT,KIA,KA,1983,김응용,100,1,1,55,44,0.556,0,,0.268,0.388,0.336,0.724,422,78,390,3.9,3.17,0.525,-0.258,0.391,,1,1,2
MBC,MB,LG,LG,1983,"백인천, 유백만, 김동엽",100,2,2,55,43,0.561,-0.5,,0.255,0.353,0.324,0.677,412,46,335,3.35,2.71,0.265,-1.456,0.86,,1,2,1
삼미,SM,현대,HD,1983,김진영,100,1,3,52,47,0.525,3,,0.245,0.343,0.313,0.656,346,62,372,3.72,3.04,-1.454,-0.65,-0.402,,0,0,3
삼성,SS,삼성,SS,1983,"서영무, 이충남, 김영덕",100,4,4,46,50,0.479,7.5,,0.263,0.393,0.335,0.728,448,90,418,4.18,3.42,1.202,0.352,0.425,,0,0,4
OB,OB,두산,DS,1983,김영덕,100,1,5,44,55,0.444,11,,0.259,0.362,0.326,0.688,418,50,432,4.32,3.52,0.421,0.657,-0.118,,0,0,5
롯데,LT,롯데,LT,1983,"박영길, 강병철",100,1,6,43,56,0.434,12,,0.244,0.365,0.316,0.681,365,77,464,4.64,3.79,-0.959,1.354,-1.157,,0,0,6
롯데,LT,롯데,LT,1984,강병철,100,2,1,50,48,0.51,0,,0.257,0.377,0.334,0.711,405,71,390,3.9,3.31,0.633,0.127,0.253,,1,1,4
삼성,SS,삼성,SS,1984,김영덕,100,0,2,55,45,0.55,-4,,0.27,0.396,0.344,0.74,435,78,379,3.79,3.35,1.511,-0.083,0.797,,1,2,2
OB,OB,두산,DS,1984,김성근,100,1,3,58,41,0.586,-7.5,,0.256,0.359,0.336,0.695,382,53,298,2.98,2.53,-0.039,-1.631,0.796,,1,0,1
MBC,MB,LG,LG,1984,어우홍,100,1,4,51,48,0.515,-0.5,,0.253,0.355,0.325,0.68,375,47,374,3.74,3.18,-0.244,-0.178,-0.033,,0,0,3
해태,HT,KIA,KA,1984,김응용,100,3,5,43,54,0.443,6.5,,0.248,0.365,0.319,0.684,369,76,398,3.98,3.16,-0.419,0.28,-0.35,,0,0,5
삼미,SM,현대,HD,1984,김진영,100,3,6,38,59,0.392,11.5,,0.237,0.339,0.313,0.652,334,58,461,4.61,4.05,-1.442,1.485,-1.464,,0,0,6
삼성,SS,삼성,SS,1985,김영덕,110,1,1,77,32,0.706,0,,0.276,0.417,0.357,0.774,552,97,379,3.45,2.98,1.461,-0.854,1.158,,1,1,1
롯데,LT,롯데,LT,1985,강병철,110,0,2,59,51,0.536,18.5,,0.256,0.377,0.33,0.707,426,77,420,3.82,3.05,-0.329,-0.355,0.013,,0,0,2
해태,HT,KIA,KA,1985,김응용,110,1,3,57,52,0.523,20,,0.272,0.402,0.34,0.742,483,99,465,4.23,3.64,0.481,0.193,0.144,,0,0,3
OB,OB,두산,DS,1985,김성근,110,2,4,51,57,0.472,25.5,,0.26,0.37,0.334,0.704,473,67,416,3.78,3.14,0.339,-0.404,0.371,,0,0,4
MBC,MB,LG,LG,1985,"어우홍, 김동엽",110,1,5,44,65,0.404,33,,0.246,0.322,0.315,0.637,345,37,408,3.71,3.24,-1.48,-0.501,-0.489,,0,0,5
청보,CB,현대,HD,1985,김진영,110,1,6,39,70,0.358,38,,0.252,0.36,0.33,0.69,416,73,607,5.52,4.87,-0.471,1.922,-1.196,,0,0,6
해태,HT,KIA,KA,1986,김응용,108,4,1,67,37,0.644,0,,0.259,0.39,0.325,0.715,474,99,372,3.44,2.86,1.198,-0.389,0.793,,1,1,2
삼성,SS,삼성,SS,1986,"김영덕, 정동진, 박영길",108,1,2,70,37,0.654,-1.5,,0.276,0.398,0.345,0.743,475,74,369,3.42,2.95,1.213,-0.436,0.825,,1,2,1
MBC,MB,LG,LG,1986,김동엽,108,8,3,59,41,0.59,6,,0.265,0.352,0.329,0.681,434,37,361,3.34,2.79,0.579,-0.563,0.571,,0,0,3
OB,OB,두산,DS,1986,김성근,108,4,4,56,48,0.538,11,,0.249,0.331,0.319,0.65,369,38,341,3.16,2.61,-0.426,-0.879,0.226,,1,0,4
롯데,LT,롯데,LT,1986,강병철,108,6,5,50,52,0.49,16,,0.248,0.333,0.316,0.649,373,37,360,3.33,2.74,-0.365,-0.578,0.107,,0,0,5
청보,CB,현대,HD,1986,허구연,108,2,6,32,74,0.302,36,,0.219,0.322,0.293,0.615,318,66,506,4.69,3.99,-1.215,1.731,-1.473,,0,0,6
빙그레,BG,한화,HH,1986,배성서,108,1,7,31,76,0.29,37.5,,0.236,0.325,0.323,0.648,333,46,467,4.32,3.65,-0.983,1.114,-1.049,,0,0,7
해태,HT,KIA,KA,1987,김응용,108,5,1,55,48,0.532,0,,0.252,0.36,0.321,0.681,393,71,401,3.71,3.16,-0.567,-0.685,0.059,,1,1,2
삼성,SS,삼성,SS,1987,박영길,108,0,2,64,44,0.593,-6.5,,0.3,0.444,0.367,0.811,583,105,427,3.95,3.58,2.215,-0.105,1.16,,1,2,1
롯데,LT,롯데,LT,1987,"성기형, 어우홍",108,5,3,54,49,0.523,1,,0.268,0.36,0.343,0.703,432,40,404,3.74,3.36,0.004,-0.618,0.311,,0,0,3
OB,OB,두산,DS,1987,김성근,108,1,4,55,52,0.514,2,,0.261,0.34,0.328,0.668,415,30,405,3.75,3.26,-0.245,-0.596,0.175,,1,0,4
MBC,MB,LG,LG,1987,"김동엽, 유백만",108,7,5,50,51,0.495,4,,0.258,0.342,0.32,0.662,388,36,407,3.77,3.36,-0.64,-0.551,-0.045,,0,0,5
빙그레,BG,한화,HH,1987,배성서,108,4,6,47,57,0.454,8.5,,0.274,0.368,0.342,0.71,410,48,454,4.2,3.78,-0.318,0.497,-0.407,,0,0,6
청보,CB,현대,HD,1987,강태정,108,2,7,41,65,0.389,15.5,,0.242,0.34,0.323,0.663,401,54,524,4.85,4.36,-0.45,2.057,-1.254,,0,0,7
해태,HT,KIA,KA,1988,김응용,108,2,1,68,38,0.639,0,,0.283,0.421,0.35,0.771,505,112,364,3.37,2.86,0.827,-1.761,1.294,,1,1,1
빙그레,BG,한화,HH,1988,김영덕,108,1,2,62,45,0.579,6.5,,0.266,0.387,0.333,0.72,506,73,441,4.08,3.72,0.845,-0.353,0.599,,1,2,2
롯데,LT,롯데,LT,1988,어우홍,108,2,3,57,49,0.537,11,,0.27,0.377,0.339,0.716,482,68,449,4.16,3.63,0.401,-0.206,0.304,,0,0,3
삼성,SS,삼성,SS,1988,"박영길, 정동진",108,2,4,56,50,0.528,12,,0.278,0.399,0.351,0.75,516,85,492,4.56,4.18,1.03,0.58,0.225,,1,0,4
OB,OB,두산,DS,1988,김성근,108,2,5,54,52,0.509,14,,0.258,0.349,0.321,0.67,418,44,447,4.14,3.73,-0.782,-0.243,-0.269,,0,0,5
MBC,MB,LG,LG,1988,유백만,108,4,6,40,64,0.389,27,,0.26,0.346,0.324,0.67,408,42,491,4.55,3.96,-0.967,0.562,-0.764,,0,0,6
태평양,TP,현대,HD,1988,강태정,108,1,7,34,73,0.319,34.5,,0.261,0.369,0.328,0.697,387,58,538,4.98,4.57,-1.355,1.421,-1.388,,0,0,7
해태,HT,KIA,KA,1989,김응용,120,4,1,65,51,0.558,0,,0.255,0.364,0.339,0.703,500,90,442,3.68,3.34,-0.067,-1.016,0.475,,1,1,2
빙그레,BG,한화,HH,1989,김영덕,120,3,2,71,46,0.604,-5.5,,0.276,0.411,0.346,0.757,595,97,476,3.97,3.47,1.412,-0.461,0.937,,1,2,1
태평양,TP,현대,HD,1989,김성근,120,4,3,62,54,0.533,3,,0.249,0.351,0.337,0.688,499,55,440,3.67,3.03,-0.082,-1.048,0.483,,1,0,3
삼성,SS,삼성,SS,1989,정동진,120,5,4,57,58,0.496,7.5,,0.272,0.396,0.34,0.736,580,96,588,4.9,4.42,1.178,1.365,-0.093,,1,0,4
OB,OB,두산,DS,1989,이광환,120,3,5,54,63,0.463,11.5,,0.247,0.335,0.319,0.654,447,42,481,4.01,3.7,-0.892,-0.38,-0.256,,0,0,5
MBC,MB,LG,LG,1989,"배성서, 백인천",120,4,6,49,67,0.425,16,,0.252,0.338,0.335,0.673,490,42,581,4.84,4.27,-0.222,1.251,-0.737,,0,0,6
롯데,LT,롯데,LT,1989,"어우홍, 김진영",120,5,7,48,67,0.421,16.5,,0.247,0.327,0.337,0.664,419,38,522,4.35,3.91,-1.327,0.289,-0.808,,0,0,7
LG,LG,LG,LG,1990,백인천,120,0,1,71,49,0.592,0,,0.271,0.375,0.352,0.727,578,61,457,3.81,3.38,0.694,-1.05,0.872,,1,1,1
삼성,SS,삼성,SS,1990,"정동진, 김성근",120,2,2,66,52,0.558,4,,0.263,0.411,0.341,0.752,597,131,558,4.65,4.13,0.937,0.54,0.198,,1,2,4
해태,HT,KIA,KA,1990,김응용,120,3,3,68,49,0.579,1.5,,0.27,0.392,0.352,0.744,538,87,458,3.82,3.36,0.183,-1.035,0.609,,1,0,2
빙그레,BG,한화,HH,1990,김영덕,120,2,4,68,50,0.575,2,,0.27,0.411,0.355,0.766,610,112,481,4.01,3.4,1.103,-0.673,0.888,,1,0,3
태평양,TP,현대,HD,1990,김성근,120,3,5,58,59,0.496,11.5,,0.246,0.339,0.328,0.667,486,47,511,4.26,3.68,-0.482,-0.2,-0.141,,0,0,5
롯데,LT,롯데,LT,1990,"김진영, 도위창, 강병철",120,5,6,44,71,0.388,24.5,,0.245,0.335,0.331,0.666,453,41,585,4.88,4.44,-0.904,0.965,-0.934,,0,0,6
OB,OB,두산,DS,1990,"이광환, 이재우",120,5,7,35,80,0.313,33.5,,0.231,0.329,0.309,0.638,404,62,616,5.13,4.72,-1.53,1.453,-1.492,,0,0,7
해태,HT,KIA,KA,1991,김응용,126,5,1,79,42,0.647,0,,0.259,0.418,0.35,0.768,618,144,409,3.25,2.89,0.78,-2.006,1.393,,1,1,1
빙그레,BG,한화,HH,1991,김영덕,126,5,2,72,49,0.591,7,,0.274,0.433,0.353,0.786,644,136,493,3.91,3.28,1.1,-0.849,0.975,,1,2,2
삼성,SS,삼성,SS,1991,김성근,126,1,3,70,55,0.56,11,,0.272,0.405,0.357,0.762,639,108,579,4.6,4.23,1.039,0.336,0.352,,1,0,3
롯데,LT,롯데,LT,1991,강병철,126,3,4,61,62,0.496,19,,0.26,0.378,0.339,0.717,583,73,558,4.43,4.03,0.349,0.046,0.151,,1,0,4
태평양,TP,현대,HD,1991,박영길,126,2,5,55,69,0.444,25.5,,0.238,0.337,0.313,0.65,426,51,559,4.44,4.02,-1.584,0.06,-0.822,,0,0,5
LG,LG,LG,LG,1991,백인천,126,1,6,53,72,0.425,28,,0.244,0.341,0.317,0.658,472,53,608,4.83,4.35,-1.017,0.735,-0.876,,0,0,6
쌍방울,SB,쌍방울,SB,1991,김인식,126,3,6,52,71,0.425,28,,0.253,0.379,0.337,0.716,554,87,638,5.06,4.69,-0.008,1.148,-0.578,,0,0,6
OB,OB,두산,DS,1991,"이재우, 윤동균, 윤동균",126,2,8,51,73,0.413,29.5,,0.25,0.35,0.321,0.671,501,59,593,4.71,4.21,-0.66,0.529,-0.594,,0,0,8
롯데,LT,롯데,LT,1992,강병철,126,0,1,71,55,0.563,0,,0.288,0.417,0.366,0.783,663,68,581,4.61,4.28,0.861,-0.389,0.625,,1,1,3
빙그레,BG,한화,HH,1992,김영덕,126,2,2,81,43,0.651,-11,,0.267,0.43,0.351,0.781,658,146,520,4.13,3.68,0.792,-1.628,1.21,,1,2,1
해태,HT,KIA,KA,1992,김응용,126,1,3,71,54,0.567,-0.5,,0.272,0.425,0.365,0.79,701,138,571,4.53,4.21,1.381,-0.592,0.986,,1,0,2
삼성,SS,삼성,SS,1992,"김성근, 유용득",126,2,4,67,57,0.54,3,,0.265,0.404,0.349,0.753,633,124,636,5.05,4.55,0.45,0.729,-0.139,,1,0,4
OB,OB,두산,DS,1992,윤동균,126,4,5,56,66,0.46,13,,0.259,0.393,0.332,0.725,547,110,582,4.62,4.22,-0.727,-0.368,-0.18,,0,0,5
태평양,TP,현대,HD,1992,정동진,126,3,6,56,67,0.456,13.5,,0.256,0.381,0.33,0.711,518,87,609,4.83,4.48,-1.124,0.18,-0.652,,0,0,6
LG,LG,LG,LG,1992,이광환,126,3,7,53,70,0.433,16.5,,0.257,0.384,0.327,0.711,573,108,616,4.89,4.29,-0.371,0.323,-0.347,,0,0,7
쌍방울,SB,쌍방울,SB,1992,김인식,126,1,8,41,84,0.329,29.5,,0.249,0.37,0.341,0.711,508,90,686,5.44,4.85,-1.261,1.745,-1.503,,0,0,8
해태,HT,KIA,KA,1993,김응용,126,3,1,81,42,0.655,0,,0.251,0.368,0.33,0.698,513,95,420,3.33,2.92,0.573,-0.884,0.728,,1,1,1
삼성,SS,삼성,SS,1993,우용득,126,5,2,73,48,0.599,7,,0.271,0.413,0.349,0.762,615,133,433,3.44,2.95,1.785,-0.627,1.206,,1,2,2
OB,OB,두산,DS,1993,윤동균,126,5,3,66,55,0.544,14,,0.258,0.36,0.328,0.688,473,59,405,3.21,2.89,0.098,-1.18,0.639,,1,0,3
LG,LG,LG,LG,1993,이광환,126,3,4,66,57,0.536,15,,0.256,0.366,0.323,0.689,496,74,440,3.49,3.07,0.371,-0.489,0.43,,1,0,4
빙그레,BG,한화,HH,1993,"김영덕, 강병철",126,4,5,61,61,0.5,19.5,,0.238,0.347,0.317,0.664,455,81,491,3.9,3.46,-0.116,0.518,-0.317,,0,0,5
롯데,LT,롯데,LT,1993,"강병철, 김용희",126,1,6,62,63,0.496,20,,0.248,0.328,0.319,0.647,452,29,462,3.67,3.33,-0.151,-0.054,-0.049,,0,0,6
쌍방울,SB,쌍방울,SB,1993,신용균,126,5,7,43,78,0.361,37,,0.225,0.301,0.301,0.602,366,46,551,4.37,4,-1.173,1.703,-1.438,,0,0,7
태평양,TP,현대,HD,1993,정동진,126,10,8,34,82,0.31,43.5,,0.224,0.299,0.29,0.589,348,35,516,4.1,3.58,-1.387,1.012,-1.2,,0,0,8
LG,LG,LG,LG,1994,이광환,126,0,1,81,45,0.643,0,,0.282,0.409,0.358,0.767,655,88,452,3.59,3.14,2.138,-1.13,1.634,,1,1,1
태평양,TP,현대,HD,1994,정동진,126,3,2,68,55,0.552,11.5,,0.244,0.365,0.316,0.681,485,91,471,3.74,3.5,-0.621,-0.829,0.104,,1,2,2
한화,HH,한화,HH,1994,강병철,126,2,3,65,59,0.524,15,,0.247,0.345,0.324,0.669,482,68,510,4.05,3.52,-0.669,-0.21,-0.23,,1,0,3
해태,HT,KIA,KA,1994,김응용,126,2,4,65,59,0.524,15,,0.271,0.388,0.328,0.716,563,93,509,4.04,3.6,0.645,-0.226,0.436,,1,0,3
삼성,SS,삼성,SS,1994,우용득,126,2,5,60,64,0.484,20,,0.26,0.386,0.339,0.725,541,106,499,3.96,3.47,0.288,-0.385,0.336,,0,0,5
롯데,LT,롯데,LT,1994,김용희,126,3,6,56,67,0.456,23.5,,0.257,0.357,0.323,0.68,489,58,604,4.79,4.44,-0.556,1.281,-0.918,,0,0,6
OB,OB,두산,DS,1994,윤동균,126,1,7,53,72,0.425,27.5,,0.246,0.348,0.313,0.661,477,75,507,4.02,3.46,-0.75,-0.258,-0.246,,0,0,7
쌍방울,SB,쌍방울,SB,1994,한동화,126,5,8,47,74,0.393,31.5,,0.248,0.359,0.316,0.675,494,87,634,5.03,4.74,-0.475,1.757,-1.116,,0,0,8
OB,OB,두산,DS,1995,김인식,126,5,1,74,47,0.607,0,,0.266,0.399,0.326,0.725,629,106,500,3.97,3.42,1.587,-0.358,0.973,,1,1,1
롯데,LT,롯데,LT,1995,김용희,126,5,2,68,53,0.56,6,,0.255,0.364,0.333,0.697,590,65,493,3.91,3.47,1,-0.465,0.733,,1,2,3
LG,LG,LG,LG,1995,이광환,126,4,3,74,48,0.603,0.5,,0.257,0.372,0.334,0.706,527,79,456,3.62,3.21,0.053,-1.029,0.541,,1,0,2
해태,HT,KIA,KA,1995,김응용,126,4,4,64,58,0.524,10.5,,0.242,0.345,0.309,0.654,431,75,434,3.44,3.06,-1.391,-1.365,-0.013,,0,0,4
삼성,SS,삼성,SS,1995,"우용득, 백인천",126,6,5,60,60,0.5,13.5,,0.25,0.374,0.324,0.698,558,94,555,4.4,3.9,0.519,0.48,0.019,,0,0,5
한화,HH,한화,HH,1995,강병철,126,0,6,55,71,0.437,21.5,,0.249,0.38,0.323,0.703,510,96,566,4.49,4.04,-0.203,0.648,-0.426,,0,0,6
태평양,TP,현대,HD,1995,정동진,126,5,7,48,73,0.401,26,,0.234,0.345,0.305,0.65,467,82,548,4.35,3.92,-0.85,0.374,-0.612,,0,0,7
쌍방울,SB,쌍방울,SB,1995,"한동화, 김우열",126,3,8,45,78,0.369,30,,0.254,0.364,0.32,0.684,476,83,636,5.05,4.67,-0.714,1.715,-1.215,,0,0,8
해태,HT,KIA,KA,1996,김응용,126,2,1,73,51,0.587,0,,0.245,0.366,0.329,0.695,554,92,441,3.5,3.14,0.886,-1.274,1.08,,1,1,1
현대,HD,현대,HD,1996,김재박,126,5,2,67,54,0.552,4.5,,0.243,0.371,0.318,0.689,493,106,454,3.6,3.04,-0.71,-1.065,0.178,,1,2,4
쌍방울,SB,쌍방울,SB,1996,김성근,126,2,3,70,54,0.563,3,,0.264,0.369,0.34,0.709,545,58,460,3.65,3.33,0.651,-0.968,0.809,,1,0,2
한화,HH,한화,HH,1996,강병철,126,1,4,70,55,0.56,3.5,,0.245,0.372,0.327,0.699,522,90,532,4.22,3.79,0.049,0.191,-0.071,,1,0,3
롯데,LT,롯데,LT,1996,김용희,126,6,5,57,63,0.476,14,,0.274,0.393,0.34,0.733,566,72,580,4.6,4.16,1.2,0.964,0.118,,0,0,5
삼성,SS,삼성,SS,1996,백인천,126,5,6,54,67,0.448,17.5,,0.249,0.37,0.327,0.697,510,88,581,4.61,4.23,-0.265,0.98,-0.623,,0,0,6
LG,LG,LG,LG,1996,이광환,126,5,7,50,71,0.417,21.5,,0.246,0.364,0.33,0.694,525,98,593,4.71,4.11,0.128,1.174,-0.523,,0,0,7
OB,OB,두산,DS,1996,김인식,126,6,8,47,73,0.397,24,,0.242,0.355,0.304,0.659,446,82,520,4.13,3.69,-1.939,-0.002,-0.968,,0,0,8
해태,HT,KIA,KA,1997,김응용,126,1,1,75,50,0.599,0,,0.258,0.408,0.34,0.748,616,133,510,4.05,3.65,0.639,-1.089,0.864,,1,1,1
LG,LG,LG,LG,1997,"이광환,천보성",126,2,2,73,51,0.587,1.5,,0.267,0.394,0.343,0.737,590,83,512,4.06,3.78,0.359,-1.043,0.701,,1,2,2
쌍방울,SB,쌍방울,SB,1997,김성근,126,2,3,71,53,0.571,3.5,,0.269,0.414,0.351,0.765,602,110,518,4.11,3.82,0.488,-0.902,0.695,,1,0,3
삼성,SS,삼성,SS,1997,"백인천, 조창수, 서정환",126,7,4,66,53,0.552,6,,0.277,0.462,0.356,0.818,722,165,605,4.8,4.23,1.78,1.13,0.325,,1,0,4
OB,OB,두산,DS,1997,김인식,126,5,5,57,64,0.472,16,,0.254,0.361,0.324,0.685,511,84,551,4.37,3.84,-0.491,-0.131,-0.18,,0,0,5
현대,HD,현대,HD,1997,김재박,126,4,6,51,71,0.421,22.5,,0.247,0.361,0.327,0.688,497,82,582,4.62,4.21,-0.642,0.593,-0.617,,0,0,6
한화,HH,한화,HH,1997,강병철,126,2,7,51,73,0.413,23.5,,0.253,0.381,0.325,0.706,481,102,554,4.4,4.06,-0.814,-0.061,-0.376,,0,0,7
롯데,LT,롯데,LT,1997,김용희,126,1,8,48,77,0.385,27,,0.237,0.345,0.305,0.65,434,75,621,4.93,4.58,-1.32,1.504,-1.412,,0,0,8
현대,HD,현대,HD,1998,김재박,126,0,1,81,45,0.643,0,,0.27,0.434,0.344,0.778,633,142,445,3.53,3.03,1.371,-1.82,1.596,,1,1,1
LG,LG,LG,LG,1998,천보성,126,1,2,63,62,0.504,17.5,,0.267,0.401,0.339,0.74,609,100,586,4.65,4.18,0.945,0.497,0.224,,1,2,3
삼성,SS,삼성,SS,1998,서정환,126,2,3,66,58,0.532,14,,0.268,0.428,0.346,0.774,620,143,584,4.63,4.32,1.14,0.464,0.338,,1,0,2
OB,OB,두산,DS,1998,김인식,126,3,4,61,62,0.496,18.5,,0.256,0.383,0.317,0.7,520,102,506,4.02,3.6,-0.634,-0.818,0.092,,1,0,4
해태,HT,KIA,KA,1998,김응용,126,1,5,61,64,0.488,19.5,,0.258,0.376,0.325,0.701,489,94,531,4.21,3.91,-1.185,-0.407,-0.389,,0,0,5
쌍방울,SB,쌍방울,SB,1998,김성근,126,2,6,58,66,0.468,22,,0.261,0.391,0.334,0.725,536,101,570,4.52,4.04,-0.35,0.234,-0.292,,0,0,6
한화,HH,한화,HH,1998,"강병철, 이희수",126,5,7,55,66,0.455,23.5,,0.25,0.392,0.316,0.708,503,123,578,4.59,4.26,-0.936,0.366,-0.651,,0,0,7
롯데,LT,롯데,LT,1998,"김용희, 김명성",126,4,8,50,72,0.41,29,,0.255,0.381,0.329,0.71,536,86,646,5.13,4.61,-0.35,1.483,-0.917,,0,0,8
한화,HH,한화,HH,1999,이희수,132,2,1,72,58,0.554,4.5,,0.283,0.484,0.353,0.837,731,197,701,5.31,4.88,0.261,-0.124,0.192,,1,1,2
롯데,LT,롯데,LT,1999,김명성,132,5,1,75,52,0.591,0,,0.291,0.461,0.363,0.824,753,145,590,4.47,4.18,0.541,-1.568,1.055,,1,2,2
삼성,SS,삼성,SS,1999,"서정환, 김용희",132,2,2,73,57,0.562,3.5,,0.273,0.46,0.352,0.812,748,207,748,5.67,5.16,0.478,0.488,-0.005,,1,0,1
두산,DS,두산,DS,1999,김인식,132,5,2,76,51,0.598,-1,,0.284,0.438,0.355,0.793,721,141,657,4.98,4.58,0.134,-0.696,0.415,,1,0,1
현대,HD,현대,HD,1999,김재박,132,5,3,68,59,0.535,7,,0.272,0.418,0.359,0.777,699,143,646,4.89,4.47,-0.147,-0.839,0.346,,0,0,3
LG,LG,LG,LG,1999,천보성,132,1,3,61,70,0.466,16,,0.281,0.442,0.35,0.792,744,145,773,5.86,5.49,0.427,0.813,-0.193,,0,0,3
해태,HT,KIA,KA,1999,김응용,132,3,4,60,69,0.465,16,,0.278,0.466,0.362,0.828,765,210,743,5.63,5.21,0.694,0.423,0.136,,0,0,4
쌍방울,SB,쌍방울,SB,1999,"김성근, 김준환",132,7,4,28,97,0.224,46,,0.248,0.358,0.319,0.677,523,86,826,6.26,5.85,-2.389,1.503,-1.946,,0,0,4
현대,HD,현대,HD,2000,김재박,133,2,1,91,40,0.695,0,,0.278,0.483,0.365,0.848,777,208,528,3.97,3.64,1.515,-1.356,1.436,,1,1,1
LG,LG,LG,LG,2000,이광은,133,3,1,67,63,0.515,23.5,,0.273,0.414,0.356,0.77,687,122,631,4.74,4.45,0.218,-0.385,0.302,,1,0,1
롯데,LT,롯데,LT,2000,김명성,133,4,2,65,64,0.504,25,,0.26,0.385,0.334,0.719,603,104,579,4.35,4.02,-0.993,-0.875,-0.059,,1,0,2
두산,DS,두산,DS,2000,김인식,133,0,2,76,57,0.571,16,,0.289,0.441,0.359,0.8,694,150,616,4.63,4.22,0.319,-0.527,0.423,,1,2,2
한화,HH,한화,HH,2000,"이희수, 이광환",133,5,3,50,78,0.391,39.5,,0.276,0.457,0.346,0.803,680,180,776,5.83,5.24,0.117,0.981,-0.432,,0,0,3
삼성,SS,삼성,SS,2000,"김용희, 김응용",133,5,3,69,59,0.539,20.5,,0.269,0.447,0.348,0.795,744,177,670,5.04,4.64,1.04,-0.018,0.529,,1,0,3
해태,HT,KIA,KA,2000,김응용,133,4,4,57,72,0.442,33,,0.252,0.363,0.333,0.696,588,86,728,5.47,4.95,-1.209,0.529,-0.869,,0,0,4
SK,SK,SK,SK,2000,강병철,133,3,4,44,86,0.338,46.5,,0.26,0.383,0.332,0.715,602,105,847,6.37,5.99,-1.007,1.651,-1.329,,0,0,4
두산,DS,두산,DS,2001,김인식,133,5,1,65,63,0.508,0,,0.276,0.421,0.359,0.78,732,130,733,5.51,4.96,0.922,0.943,-0.01,,1,1,3
삼성,SS,삼성,SS,2001,김응용,133,0,2,81,52,0.609,-13.5,,0.277,0.447,0.36,0.807,739,162,644,4.84,4.39,1.07,-0.938,1.004,,1,2,1
현대,HD,현대,HD,2001,김재박,133,4,3,72,57,0.558,-6.5,,0.268,0.429,0.362,0.791,711,169,628,4.72,4.34,0.478,-1.276,0.877,,1,0,2
한화,HH,한화,HH,2001,이광환,133,4,4,61,68,0.473,4.5,,0.275,0.426,0.357,0.783,659,148,733,5.51,4.82,-0.621,0.943,-0.782,,1,0,4
KIA,KA,KIA,KA,2001,김성한,133,5,5,60,68,0.469,5,,0.278,0.428,0.353,0.781,683,142,727,5.47,5.01,-0.114,0.816,-0.465,,0,0,5
LG,LG,LG,LG,2001,"이광은, 김성근",133,8,6,58,67,0.464,5.5,,0.276,0.391,0.363,0.754,669,85,732,5.5,5.09,-0.41,0.922,-0.666,,0,0,6
SK,SK,SK,SK,2001,강병철,133,2,7,60,71,0.458,6.5,,0.26,0.391,0.337,0.728,596,113,640,4.81,4.38,-1.953,-1.022,-0.465,,0,0,7
롯데,LT,롯데,LT,2001,"김명성, 우용득",133,4,8,59,70,0.457,6.5,,0.28,0.425,0.365,0.79,718,121,670,5.04,4.68,0.626,-0.388,0.507,,0,0,8
삼성,SS,삼성,SS,2002,김응용,133,4,1,82,47,0.636,0,2승,0.284,0.472,0.36,0.832,777,191,581,4.37,3.92,1.829,-0.671,1.25,,1,1,1
LG,LG,LG,LG,2002,김성근,133,6,2,66,61,0.52,15,1승,0.261,0.385,0.332,0.717,583,100,575,4.32,3.93,-0.382,-0.785,0.202,,1,2,4
KIA,KA,KIA,KA,2002,김성한,133,4,3,78,51,0.605,4,2패,0.269,0.402,0.344,0.746,643,120,580,4.36,3.92,0.302,-0.69,0.496,,1,0,2
현대,HD,현대,HD,2002,김재박,133,5,4,70,58,0.547,11.5,1패,0.261,0.432,0.342,0.774,658,173,614,4.62,4.23,0.473,-0.047,0.26,,1,0,3
두산,DS,두산,DS,2002,김인식,133,2,5,66,65,0.504,17,2패,0.261,0.396,0.331,0.727,587,130,562,4.23,3.93,-0.336,-1.031,0.347,,0,0,5
SK,SK,SK,SK,2002,강병철,133,3,6,61,69,0.469,21.5,3승,0.27,0.433,0.339,0.772,618,158,638,4.8,4.47,0.017,0.407,-0.195,,0,0,6
한화,HH,한화,HH,2002,이광환,133,5,7,59,69,0.461,22.5,1승,0.256,0.42,0.328,0.748,603,170,672,5.05,4.79,-0.154,1.049,-0.602,,0,0,7
롯데,LT,롯데,LT,2002,"우용득, 김용희, 백인천",133,1,8,35,97,0.265,48.5,1패,0.245,0.355,0.305,0.66,463,85,710,5.34,4.72,-1.749,1.768,-1.758,,0,0,8
현대,HD,현대,HD,2003,김재박,133,2,1,80,51,0.611,0,,0.286,-,-,0,723,175,627,4.71,4.13,1.074,0.2,0.437,,1,1,1
SK,SK,SK,SK,2003,조범현,133,3,2,66,64,0.508,13.5,,0.272,-,-,0,644,156,642,4.83,4.44,0.276,0.49,-0.107,,1,2,4
KIA,KA,KIA,KA,2003,김성한,133,5,3,78,50,0.609,0.5,,0.272,-,-,0,657,129,527,3.96,3.62,0.407,-1.732,1.07,,1,0,2
삼성,SS,삼성,SS,2003,김응용,133,4,4,76,53,0.589,3,,0.284,-,-,0,769,213,613,4.61,4.37,1.538,-0.07,0.804,,1,0,3
한화,HH,한화,HH,2003,유승안,133,5,5,63,65,0.492,15.5,,0.254,-,-,0,577,121,617,4.64,4.37,-0.4,0.007,-0.204,,0,0,5
LG,LG,LG,LG,2003,이광환,133,2,6,60,71,0.458,20,,0.249,-,-,0,509,106,579,4.35,3.98,-1.086,-0.727,-0.18,,0,0,6
두산,DS,두산,DS,2003,김인식,133,2,7,57,74,0.435,23,,0.276,-,-,0,563,90,619,4.65,4.24,-0.541,0.046,-0.294,,0,0,7
롯데,LT,롯데,LT,2003,"백인천, 김용철, 양상문",133,3,8,39,91,0.3,40.5,,0.256,-,-,0,491,73,709,5.33,5.01,-1.268,1.785,-1.526,,0,0,8
현대,HD,현대,HD,2004,김재박,133,5,1,75,53,0.586,0,,0.275,-,-,0,692,134,590,4.44,4.06,1.419,-0.557,0.988,,1,1,1
삼성,SS,삼성,SS,2004,"김응용, 선동열",133,8,2,73,52,0.584,0.5,,0.269,-,-,0,641,132,564,4.24,3.76,0.359,-0.986,0.672,,1,2,2
두산,DS,두산,DS,2004,김경문,133,1,3,70,62,0.53,7,,0.268,-,-,0,606,89,560,4.21,3.88,-0.369,-1.052,0.341,,1,0,3
KIA,KA,KIA,KA,2004,김성한,133,5,4,67,61,0.523,8,,0.267,-,-,0,643,143,637,4.79,4.51,0.4,0.219,0.091,,1,0,4
SK,SK,SK,SK,2004,조범현,133,8,5,61,64,0.488,12.5,,0.272,-,-,0,655,138,644,4.84,4.4,0.65,0.334,0.158,,0,0,5
LG,LG,LG,LG,2004,이순철,133,4,6,59,70,0.457,16.5,,0.259,-,-,0,588,102,637,4.79,4.31,-0.743,0.219,-0.481,,0,0,6
한화,HH,한화,HH,2004,"유승안, 김인식",133,6,7,53,74,0.417,21.5,,0.268,-,-,0,632,140,750,5.64,5.21,0.171,2.083,-0.956,,0,0,7
롯데,LT,롯데,LT,2004,양상문,133,11,8,50,72,0.41,22,,0.252,-,-,0,533,88,608,4.57,4.22,-1.886,-0.26,-0.813,,0,0,8
삼성,SS,삼성,SS,2005,선동열,126,4,1,74,48,0.607,0,,0.268,-,-,0,614,111,528,4.19,3.83,0.868,-0.636,0.752,,1,1,1
두산,DS,두산,DS,2005,김경문,126,3,2,72,51,0.585,2.5,,0.27,-,-,0,596,63,465,3.69,3.42,0.431,-1.434,0.933,,1,2,2
SK,SK,SK,SK,2005,조범현,126,6,3,70,50,0.583,3,,0.269,-,-,0,589,122,485,3.85,3.41,0.261,-1.181,0.721,,1,0,3
한화,HH,한화,HH,2005,김인식,126,1,4,64,61,0.512,11.5,,0.27,-,-,0,622,159,603,4.79,4.41,1.062,0.313,0.374,,1,0,4
롯데,LT,롯데,LT,2005,양상문,126,1,5,58,67,0.464,17.5,,0.253,-,-,0,500,83,573,4.55,4.3,-1.899,-0.066,-0.916,,0,0,5
LG,LG,LG,LG,2005,이순철,126,1,6,54,71,0.432,21.5,,0.26,-,-,0,601,105,666,5.29,4.9,0.552,1.111,-0.28,,0,0,6
현대,HD,현대,HD,2005,김재박,126,3,7,53,70,0.431,21.5,,0.256,-,-,0,563,134,647,5.13,4.68,-0.37,0.871,-0.62,,0,0,7
KIA,KA,KIA,KA,2005,유남호,126,1,8,49,76,0.392,26.5,,0.26,-,-,0,541,99,659,5.23,4.81,-0.904,1.023,-0.963,,0,0,8
삼성,SS,삼성,SS,2006,선동열,126,3,1,73,50,0.593,0,,0.255,-,-,0,538,73,471,3.74,3.33,1.165,-0.587,0.876,,1,1,1
현대,HD,현대,HD,2006,김재박,126,1,2,70,55,0.56,4,,0.27,-,-,0,547,92,467,3.71,3.41,1.425,-0.676,1.05,,1,0,2
한화,HH,한화,HH,2006,김인식,126,2,3,67,57,0.54,6.5,,0.253,-,-,0,511,110,475,3.77,3.35,0.386,-0.499,0.443,,1,2,3
KIA,KA,KIA,KA,2006,서정환,126,3,4,64,59,0.52,9,,0.255,-,-,0,476,62,451,3.58,3.33,-0.624,-1.029,0.202,,1,0,4
두산,DS,두산,DS,2006,김경문,126,3,5,63,60,0.512,10,,0.258,-,-,0,455,55,467,3.71,3.36,-1.23,-0.676,-0.277,,0,0,5
SK,SK,SK,SK,2006,조범현,126,1,6,60,65,0.48,14,,0.254,-,-,0,509,99,535,4.25,3.8,0.328,0.825,-0.248,,0,0,6
롯데,LT,롯데,LT,2006,강병철,126,3,7,50,73,0.407,23,,0.25,-,-,0,488,88,541,4.29,3.86,-0.278,0.957,-0.617,,0,0,7
LG,LG,LG,LG,2006,"이순철, 양승호",126,4,8,47,75,0.385,25.5,,0.246,-,-,0,457,81,574,4.56,4.22,-1.172,1.685,-1.429,,0,0,8
SK,SK,SK,SK,2007,김성근,126,5,1,73,48,0.603,0,,0.264,-,-,0,603,112,465,3.69,3.24,1.789,-1.181,1.485,,1,1,1
두산,DS,두산,DS,2007,김경문,126,2,2,70,54,0.565,4.5,,0.263,-,-,0,578,78,480,3.81,3.44,1.098,-0.94,1.019,,1,2,2
한화,HH,한화,HH,2007,김인식,126,2,3,67,57,0.54,7.5,,0.254,-,-,0,534,104,481,3.82,3.54,-0.117,-0.923,0.403,,1,0,3
삼성,SS,삼성,SS,2007,선동열,126,4,4,62,60,0.508,11.5,,0.254,-,-,0,497,86,509,4.04,3.71,-1.14,-0.472,-0.334,,1,0,4
LG,LG,LG,LG,2007,김재박,126,6,5,58,62,0.483,14.5,,0.268,-,-,0,532,78,600,4.76,4.33,-0.173,0.996,-0.584,,0,0,5
현대,HD,현대,HD,2007,김시진,126,1,6,56,69,0.448,19,,0.271,-,-,0,530,96,615,4.88,4.41,-0.228,1.238,-0.733,,0,0,6
롯데,LT,롯데,LT,2007,강병철,126,3,7,55,68,0.447,19,,0.27,-,-,0,533,76,554,4.4,4.12,-0.145,0.254,-0.2,,0,0,7
KIA,KA,KIA,KA,2007,서정환,126,1,8,51,74,0.408,24,,0.257,-,-,0,499,73,602,4.78,4.49,-1.085,1.028,-1.056,,0,0,8
SK,SK,SK,SK,2008,김성근,126,0,1,83,43,0.659,0,,0.282,-,-,0,632,89,461,3.66,3.22,0.971,-1.78,1.375,,1,1,1
두산,DS,두산,DS,2008,김경문,126,0,2,70,56,0.556,13,,0.276,-,-,0,647,68,542,4.3,3.89,1.189,-0.397,0.793,,1,2,2
롯데,LT,롯데,LT,2008,제리 로이스터,126,0,3,69,57,0.548,14,,0.282,-,-,0,624,93,518,4.11,3.64,0.854,-0.807,0.831,,1,0,3
삼성,SS,삼성,SS,2008,선동열,126,0,4,65,61,0.516,18,,0.258,-,-,0,557,92,596,4.73,4.4,-0.12,0.525,-0.323,,1,0,4
한화,HH,한화,HH,2008,김인식,126,0,5,64,62,0.508,19,,0.254,-,-,0,592,120,595,4.72,4.43,0.389,0.508,-0.059,,0,0,5
KIA,KA,KIA,KA,2008,조범현,126,0,6,57,69,0.452,26,,0.26,-,-,0,503,48,555,4.4,4.08,-0.905,-0.175,-0.365,,0,0,6
넥센,NS,넥센,NS,2008,이광환,126,0,7,50,76,0.397,33,,0.266,-,-,0,499,70,609,4.83,4.43,-0.963,0.747,-0.855,,0,0,7
LG,LG,LG,LG,2008,김재박,126,0,8,46,80,0.365,37,,0.256,-,-,0,468,66,646,5.13,4.85,-1.414,1.379,-1.397,,0,0,8
KIA,KA,KIA,KA,2009,조범현,133,4,1,81,48,0.609,0,7승,0.267,0.427,0.357,0.784,706,156,581,4.37,3.92,0.603,-1.175,0.889,,1,1,1
SK,SK,SK,SK,2009,김성근,133,6,2,80,47,0.602,0,19승,0.285,0.453,0.369,0.822,732,166,550,4.14,3.67,1.407,-1.52,1.464,,1,2,2
두산,DS,두산,DS,2009,김경문,133,2,3,71,60,0.534,11,2패,0.28,0.42,0.362,0.782,722,120,662,4.98,4.6,1.098,-0.273,0.685,,1,0,3
롯데,LT,롯데,LT,2009,제리 로이스터,133,0,4,66,67,0.496,17,2패,0.277,0.423,0.35,0.773,637,121,669,5.03,4.75,-1.531,-0.195,-0.668,,1,0,4
삼성,SS,삼성,SS,2009,선동열,133,0,5,64,69,0.481,19,4패,0.275,0.432,0.364,0.796,685,146,700,5.26,4.98,-0.046,0.15,-0.098,,0,0,5
넥센,NS,넥센,NS,2009,김시진,133,1,6,60,72,0.451,22.5,3패,0.272,0.434,0.356,0.79,683,153,762,5.73,5.4,-0.108,0.841,-0.475,,0,0,6
LG,LG,LG,LG,2009,김재박,133,4,7,54,75,0.406,27,2승,0.278,0.413,0.36,0.773,670,129,763,5.74,5.42,-0.51,0.852,-0.681,,0,0,7
한화,HH,한화,HH,2009,김인식,133,3,8,46,84,0.346,35.5,2승,0.269,0.426,0.348,0.774,657,164,805,6.05,5.7,-0.912,1.32,-1.116,,0,0,8
SK,SK,SK,SK,2010,김성근,133,2,1,84,47,0.632,0,1승,0.274,0.412,0.355,0.767,704,120,545,4.1,3.71,0.515,-1.529,1.022,,1,1,1
삼성,SS,삼성,SS,2010,"선동열, 류중일",133,2,2,79,52,0.594,5,1승,0.272,0.406,0.368,0.774,681,118,575,4.32,3.94,0.229,-1.139,0.684,,1,2,2
두산,DS,두산,DS,2010,김경문,133,3,3,73,57,0.549,10.5,1패,0.281,0.44,0.365,0.805,731,149,669,5.03,4.62,0.852,0.083,0.384,,1,0,3
롯데,LT,롯데,LT,2010,제리 로이스터,133,3,4,69,61,0.519,14.5,4승,0.288,0.461,0.352,0.813,773,185,710,5.34,4.82,1.375,0.616,0.38,,1,0,4
KIA,KA,KIA,KA,2010,조범현,133,0,5,59,74,0.444,26,3패,0.26,0.383,0.347,0.73,611,106,641,4.82,4.39,-0.643,-0.281,-0.181,,0,0,5
LG,LG,LG,LG,2010,박종훈,133,5,6,57,71,0.429,25.5,1패,0.276,0.411,0.349,0.76,688,121,746,5.61,5.23,0.316,1.084,-0.384,,0,0,6
넥센,NS,넥센,NS,2010,김시진,133,3,7,52,78,0.391,31.5,2패,0.262,0.374,0.34,0.714,570,87,652,4.9,4.55,-1.154,-0.138,-0.508,,0,0,7
한화,HH,한화,HH,2010,한대화,133,2,8,49,82,0.368,35,2승,0.244,0.359,0.331,0.69,543,104,763,5.74,5.43,-1.49,1.305,-1.398,,0,0,8
삼성,SS,삼성,SS,2011,류중일,133,4,1,79,50,0.612,0,1승,0.259,0.376,0.343,0.719,625,95,513,3.86,3.35,0.382,-1.333,0.858,,1,1,1
롯데,LT,롯데,LT,2011,양승호,133,5,2,72,56,0.563,6.5,4승,0.288,0.422,0.358,0.78,713,111,619,4.65,4.2,1.894,0.241,0.826,,1,0,2
SK,SK,SK,SK,2011,김성근,133,3,3,71,59,0.546,8.5,2승,0.263,0.385,0.34,0.725,584,100,522,3.92,3.59,-0.322,-1.199,0.439,,1,2,3
KIA,KA,KIA,KA,2011,조범현,133,0,4,70,63,0.526,11,2패,0.269,0.395,0.357,0.752,627,106,580,4.36,4.1,0.417,-0.338,0.377,,1,0,4
두산,DS,두산,DS,2011,"김경문, 김광수",133,2,5,61,70,0.466,19,5승,0.271,0.388,0.354,0.742,614,92,619,4.65,4.26,0.193,0.241,-0.024,,0,0,5
LG,LG,LG,LG,2011,박종훈,133,2,6,59,72,0.45,21,1패,0.266,0.377,0.338,0.715,579,94,620,4.66,4.15,-0.408,0.256,-0.332,,0,0,6
한화,HH,한화,HH,2011,한대화,133,2,6,59,72,0.45,21,3패,0.255,0.362,0.338,0.7,568,93,727,5.47,5.11,-0.597,1.846,-1.221,,0,0,6
넥센,NS,넥센,NS,2011,김시진,133,2,8,51,80,0.389,29,4패,0.245,0.353,0.323,0.676,512,79,622,4.68,4.36,-1.559,0.286,-0.922,,0,0,8
삼성,SS,삼성,SS,2012,류중일,133,2,1,80,51,0.611,0,1승,0.272,0.389,0.353,0.742,628,89,473,3.56,3.39,2.097,-1.436,1.766,,1,1,1
SK,SK,SK,SK,2012,이만수,133,3,2,71,59,0.546,8.5,1승,0.258,0.384,0.333,0.717,564,108,528,3.97,3.82,0.43,-0.376,0.403,,1,2,2
두산,DS,두산,DS,2012,김진욱,133,3,3,68,62,0.523,11.5,1패,0.26,0.352,0.322,0.674,524,59,519,3.9,3.58,-0.612,-0.549,-0.032,,1,0,3
롯데,LT,롯데,LT,2012,"양승호, 권두조, 김시진",133,6,4,65,62,0.512,13,1패,0.263,0.364,0.326,0.69,509,73,518,3.89,3.48,-1.003,-0.568,-0.217,,1,0,4
KIA,KA,KIA,KA,2012,선동열,133,6,5,62,65,0.488,16,1패,0.256,0.347,0.343,0.69,553,54,564,4.24,3.9,0.143,0.318,-0.087,,0,0,5
넥센,NS,넥센,NS,2012,"김시진, 김성갑",133,3,6,61,69,0.469,18.5,2패,0.243,0.37,0.325,0.695,549,102,551,4.14,3.83,0.039,0.067,-0.014,,0,0,6
LG,LG,LG,LG,2012,김기태,133,4,7,57,72,0.442,22,2승,0.261,0.354,0.332,0.686,544,59,580,4.36,4.02,-0.091,0.626,-0.359,,0,0,7
한화,HH,한화,HH,2012,한대화,133,3,8,53,77,0.408,26.5,1패,0.249,0.351,0.338,0.689,509,71,647,4.86,4.55,-1.003,1.917,-1.46,,0,0,8
삼성,SS,삼성,SS,2013,류중일,128,2,1,75,51,0.595,0,1패,0.283,0.416,0.359,0.775,669,113,545,4.26,3.98,1.036,-0.686,0.861,,1,1,1
LG,LG,LG,LG,2013,김기태,128,0,2,74,54,0.578,2,2승,0.282,0.386,0.355,0.741,616,59,510,3.98,3.72,0.296,-1.168,0.732,,1,0,2
넥센,NS,넥센,NS,2013,염경엽,128,2,3,72,54,0.571,3,1패,0.272,0.413,0.358,0.771,646,125,576,4.5,4.12,0.715,-0.259,0.487,,1,0,3
두산,DS,두산,DS,2013,김진욱,128,3,4,71,54,0.568,3.5,1패,0.289,0.42,0.37,0.79,699,95,625,4.88,4.57,1.454,0.416,0.519,,1,2,4
롯데,LT,롯데,LT,2013,김시진,128,4,5,66,58,0.532,8,2승,0.261,0.36,0.345,0.705,556,61,553,4.32,3.93,-0.541,-0.575,0.017,,0,0,5
SK,SK,SK,SK,2013,이만수,128,3,6,62,63,0.496,12.5,2패,0.265,0.406,0.346,0.752,588,124,571,4.46,4.16,-0.095,-0.327,0.116,,0,0,6
NC,NC,NC,NC,2013,김경문,128,4,7,52,72,0.419,22,1승,0.244,0.365,0.32,0.685,512,86,551,4.3,3.96,-1.155,-0.603,-0.276,,0,0,7
KIA,KA,KIA,KA,2013,선동열,128,3,8,51,74,0.408,23.5,3패,0.261,0.373,0.349,0.722,587,88,711,5.55,5.12,-0.109,1.601,-0.855,,0,0,8
한화,HH,한화,HH,2013,김응용,128,1,9,42,85,0.331,33.5,1승,0.259,0.348,0.343,0.691,480,47,711,5.55,5.31,-1.602,1.601,-1.601,,0,0,9
삼성,SS,삼성,SS,2014,류중일,128,3,1,78,47,0.624,0,1패,0.301,0.473,0.377,0.85,812,161,621,4.85,4.52,1.29,-1.11,1.2,,1,1,1
넥센,NS,넥센,NS,2014,염경엽,128,2,2,78,48,0.619,0.5,6승,0.298,0.509,0.382,0.891,841,199,716,5.59,5.25,1.695,-0.041,0.868,,1,2,2
NC,NC,NC,NC,2014,김경문,128,1,3,70,57,0.551,9,1패,0.282,0.447,0.353,0.8,737,143,608,4.75,4.29,0.242,-1.256,0.749,,1,0,3
LG,LG,LG,LG,2014,"김기태, 조계현, 양상문",128,2,4,62,64,0.492,16.5,3패,0.279,0.4,0.361,0.761,668,90,643,5.02,4.58,-0.722,-0.862,0.07,,1,0,4
SK,SK,SK,SK,2014,이만수,128,2,5,61,65,0.484,17.5,1패,0.291,0.434,0.361,0.795,735,115,760,5.94,5.51,0.214,0.454,-0.12,,0,0,5
두산,DS,두산,DS,2014,송일수,128,1,6,59,68,0.465,20,1승,0.293,0.431,0.366,0.797,687,108,733,5.73,5.43,-0.456,0.15,-0.303,,0,0,6
롯데,LT,롯데,LT,2014,김시진,128,1,7,58,69,0.457,21,1승,0.287,0.436,0.369,0.805,716,121,719,5.62,5.19,-0.051,-0.007,-0.022,,0,0,7
KIA,KA,KIA,KA,2014,선동열,128,0,8,54,74,0.422,25.5,2승,0.288,0.437,0.355,0.792,662,121,788,6.16,5.82,-0.806,0.769,-0.787,,0,0,8
한화,HH,한화,HH,2014,김응용,128,2,9,49,77,0.389,29.5,5패,0.283,0.415,0.359,0.774,619,104,889,6.95,6.35,-1.406,1.904,-1.655,,0,0,9
